{"cameraMode":{"drawMode":0,"name":"Shaded","section":"Shading Mode"},"sceneLighting":false,"audioPlay":false,"sceneViewState":{"showFog":true,"showMaterialUpdate":true,"showSkybox":false,"showFlares":true,"showImageEffects":true,"showParticleSystems":true},"in2DMode":false,"pivot":{"x":0.10192881524562836,"y":0.9860425591468811,"z":0.07788272947072983},"rotation":{"x":0.0010537150083109737,"y":0.9680362939834595,"z":-0.250792533159256,"w":0.0040606725960969929},"size":1.8452343940734864,"orthographic":false}