{"cameraMode":{"drawMode":0,"name":"Shaded","section":"Shading Mode"},"sceneLighting":false,"audioPlay":false,"sceneViewState":{"showFog":true,"showMaterialUpdate":true,"showSkybox":false,"showFlares":true,"showImageEffects":true,"showParticleSystems":true},"in2DMode":false,"pivot":{"x":-0.6600003242492676,"y":0.28999972343444826,"z":0.0700002908706665},"rotation":{"x":0.20797541737556458,"y":-0.5501538515090942,"z":0.1437852680683136,"w":0.7959372401237488},"size":8.682042121887207,"orthographic":true}