{"cameraMode":{"drawMode":0,"name":"Shaded","section":"Shading Mode"},"sceneLighting":false,"audioPlay":false,"sceneViewState":{"showFog":true,"showMaterialUpdate":true,"showSkybox":false,"showFlares":true,"showImageEffects":true,"showParticleSystems":true},"in2DMode":false,"pivot":{"x":0.0,"y":5.253032684326172,"z":4.900000095367432},"rotation":{"x":-0.06473012268543244,"y":0.6910348534584045,"z":-0.062357157468795779,"w":-0.7172331809997559},"size":3.1069905757904054,"orthographic":false}