{"cameraMode":{"drawMode":0,"name":"Shaded","section":"Shading Mode"},"sceneLighting":false,"audioPlay":false,"sceneViewState":{"showFog":true,"showMaterialUpdate":true,"showSkybox":false,"showFlares":true,"showImageEffects":true,"showParticleSystems":true},"in2DMode":false,"pivot":{"x":479.55841064453127,"y":155.1861572265625,"z":-1.5803403854370118},"rotation":{"x":0.11667537689208985,"y":0.031876713037490848,"z":-0.0037422168534249069,"w":0.9926618933677673},"size":103.72669982910156,"orthographic":false}