{"cameraMode":{"drawMode":0,"name":"Shaded","section":"Shading Mode"},"sceneLighting":false,"audioPlay":false,"sceneViewState":{"showFog":true,"showMaterialUpdate":true,"showSkybox":false,"showFlares":true,"showImageEffects":true,"showParticleSystems":true},"in2DMode":false,"pivot":{"x":-0.1294904351234436,"y":0.7699007987976074,"z":0.16541361808776856},"rotation":{"x":-0.10055902600288391,"y":0.7254539728164673,"z":-0.10853021591901779,"w":-0.6721880435943604},"size":4.599145412445068,"orthographic":false}