{"cameraMode":{"drawMode":0,"name":"Shaded","section":"Shading Mode"},"sceneLighting":true,"audioPlay":false,"sceneViewState":{"showFog":true,"showMaterialUpdate":true,"showSkybox":true,"showFlares":true,"showImageEffects":true,"showParticleSystems":true},"in2DMode":false,"pivot":{"x":-2.450692653656006,"y":0.9286300539970398,"z":17.820697784423829},"rotation":{"x":0.09374119341373444,"y":-0.5918458700180054,"z":0.06956858187913895,"w":0.7975735664367676},"size":18.726844787597658,"orthographic":false}