{"cameraMode":{"drawMode":0,"name":"Shaded","section":"Shading Mode"},"sceneLighting":false,"audioPlay":false,"sceneViewState":{"showFog":true,"showMaterialUpdate":true,"showSkybox":false,"showFlares":true,"showImageEffects":true,"showParticleSystems":true},"in2DMode":false,"pivot":{"x":0.7063934206962586,"y":-0.36983734369277956,"z":1.8644258975982667},"rotation":{"x":-0.09374319761991501,"y":-0.650708794593811,"z":0.08144497126340866,"w":-0.7491350769996643},"size":4.379610061645508,"orthographic":false}