{"cameraMode":{"drawMode":0,"name":"Shaded","section":"Shading Mode"},"sceneLighting":false,"audioPlay":false,"sceneViewState":{"showFog":true,"showMaterialUpdate":true,"showSkybox":false,"showFlares":true,"showImageEffects":true,"showParticleSystems":true},"in2DMode":false,"pivot":{"x":0.5370301008224487,"y":0.1494608223438263,"z":0.24078398942947389},"rotation":{"x":-0.11649419367313385,"y":0.7633811235427856,"z":-0.14363110065460206,"w":-0.6189523339271545},"size":0.09505825489759445,"orthographic":false}