{"cameraMode":{"drawMode":0,"name":"Shaded","section":"Shading Mode"},"sceneLighting":false,"audioPlay":false,"sceneViewState":{"showFog":true,"showMaterialUpdate":true,"showSkybox":false,"showFlares":true,"showImageEffects":true,"showParticleSystems":true},"in2DMode":false,"pivot":{"x":0.2442408949136734,"y":-1.8924651145935059,"z":1.4723477363586426},"rotation":{"x":0.09081605821847916,"y":-0.6672919392585754,"z":0.08249685913324356,"w":0.7346364259719849},"size":3.0599308013916017,"orthographic":false}