{"cameraMode":{"drawMode":0,"name":"Shaded","section":"Shading Mode"},"sceneLighting":false,"audioPlay":false,"sceneViewState":{"showFog":true,"showMaterialUpdate":true,"showSkybox":false,"showFlares":true,"showImageEffects":true,"showParticleSystems":true},"in2DMode":false,"pivot":{"x":0.10367065668106079,"y":7.911100387573242,"z":-14.339712142944336},"rotation":{"x":-0.05749901011586189,"y":0.9137907028198242,"z":-0.13859254121780396,"w":-0.37773534655570986},"size":4.885284423828125,"orthographic":false}