{"cameraMode":{"drawMode":0,"name":"Shaded","section":"Shading Mode"},"sceneLighting":false,"audioPlay":false,"sceneViewState":{"showFog":true,"showMaterialUpdate":true,"showSkybox":false,"showFlares":true,"showImageEffects":true,"showParticleSystems":true},"in2DMode":false,"pivot":{"x":-1.4901161193847657e-8,"y":-0.009930521249771119,"z":-0.009361885488033295},"rotation":{"x":-0.06473012268543244,"y":0.6910348534584045,"z":-0.062357157468795779,"w":-0.7172331809997559},"size":0.8603740930557251,"orthographic":false}