{"cameraMode":{"drawMode":0,"name":"Shaded","section":"Shading Mode"},"sceneLighting":false,"audioPlay":false,"sceneViewState":{"showFog":true,"showMaterialUpdate":true,"showSkybox":false,"showFlares":true,"showImageEffects":true,"showParticleSystems":true},"in2DMode":false,"pivot":{"x":-1.2055429220199586,"y":1.51267671585083,"z":2.858102321624756},"rotation":{"x":0.046583887189626697,"y":-0.7354432344436646,"z":0.05082939937710762,"w":0.6740891933441162},"size":22.0,"orthographic":false}