{"cameraMode":{"drawMode":0,"name":"Shaded","section":"Shading Mode"},"sceneLighting":false,"audioPlay":false,"sceneViewState":{"showFog":true,"showMaterialUpdate":true,"showSkybox":false,"showFlares":true,"showImageEffects":true,"showParticleSystems":true},"in2DMode":false,"pivot":{"x":1.9888782501220704,"y":1.3691080808639527,"z":-4.497261047363281},"rotation":{"x":0.04734639823436737,"y":0.6944873332977295,"z":0.04591517522931099,"w":-0.7165036797523499},"size":3.910524368286133,"orthographic":false}