{"cameraMode":{"drawMode":0,"name":"Shaded","section":"Shading Mode"},"sceneLighting":false,"audioPlay":false,"sceneViewState":{"showFog":true,"showMaterialUpdate":true,"showSkybox":false,"showFlares":true,"showImageEffects":true,"showParticleSystems":true},"in2DMode":false,"pivot":{"x":0.6056897640228272,"y":0.8079297542572022,"z":3.559999942779541},"rotation":{"x":0.04734639823436737,"y":0.6944873332977295,"z":0.04591517522931099,"w":-0.7165036797523499},"size":9.487969398498536,"orthographic":false}