{"cameraMode":{"drawMode":0,"name":"Shaded","section":"Shading Mode"},"sceneLighting":false,"audioPlay":false,"sceneViewState":{"showFog":true,"showMaterialUpdate":true,"showSkybox":false,"showFlares":true,"showImageEffects":true,"showParticleSystems":true},"in2DMode":false,"pivot":{"x":2.5327517986297609,"y":1.8803458213806153,"z":0.35036569833755495},"rotation":{"x":0.011454085819423199,"y":-0.9735507965087891,"z":0.05029165744781494,"w":0.22281771898269654},"size":2.453709602355957,"orthographic":true}