{"cameraMode":{"drawMode":0,"name":"Shaded","section":"Shading Mode"},"sceneLighting":false,"audioPlay":false,"sceneViewState":{"showFog":true,"showMaterialUpdate":true,"showSkybox":false,"showFlares":true,"showImageEffects":true,"showParticleSystems":true},"in2DMode":false,"pivot":{"x":-9.9959077835083,"y":0.7200002670288086,"z":6.888545989990234},"rotation":{"x":-0.035983603447675708,"y":-0.02188221924006939,"z":-0.0007882417412474752,"w":0.999113917350769},"size":255.6071014404297,"orthographic":false}