{"cameraMode":{"drawMode":0,"name":"Shaded","section":"Shading Mode"},"sceneLighting":false,"audioPlay":false,"sceneViewState":{"showFog":true,"showMaterialUpdate":true,"showSkybox":false,"showFlares":true,"showImageEffects":true,"showParticleSystems":true},"in2DMode":false,"pivot":{"x":-0.14159879088401795,"y":-1.8062362670898438,"z":-0.9641226530075073},"rotation":{"x":0.021374942734837533,"y":0.7008355855941773,"z":0.021044166758656503,"w":-0.7127171754837036},"size":2.8800010681152345,"orthographic":false}