{"cameraMode":{"drawMode":0,"name":"Shaded","section":"Shading Mode"},"sceneLighting":false,"audioPlay":false,"sceneViewState":{"showFog":true,"showMaterialUpdate":true,"showSkybox":false,"showFlares":true,"showImageEffects":true,"showParticleSystems":true},"in2DMode":false,"pivot":{"x":0.0,"y":-1.9800000190734864,"z":-0.26999998092651369},"rotation":{"x":0.021050358191132547,"y":-0.7120697498321533,"z":0.021368488669395448,"w":0.7014679908752441},"size":2.8578836917877199,"orthographic":true}